,language,language_repo_bytes,repo_name,repo_url,repo_owner_name,repo_owner_url,repo_last_updated_date,repo_description
1,HTML,702512,git_update,https://github.com/akhagan/git_update,akhagan,https://github.com/akhagan,2019-07-01 13:18:47,Updating SWC git lessons with the puzzle analogy
2,Python,43983,git_update,https://github.com/akhagan/git_update,akhagan,https://github.com/akhagan,2019-07-01 13:18:47,Updating SWC git lessons with the puzzle analogy
3,CSS,9194,git_update,https://github.com/akhagan/git_update,akhagan,https://github.com/akhagan,2019-07-01 13:18:47,Updating SWC git lessons with the puzzle analogy
4,R,4110,git_update,https://github.com/akhagan/git_update,akhagan,https://github.com/akhagan,2019-07-01 13:18:47,Updating SWC git lessons with the puzzle analogy
5,Makefile,3509,git_update,https://github.com/akhagan/git_update,akhagan,https://github.com/akhagan,2019-07-01 13:18:47,Updating SWC git lessons with the puzzle analogy
6,JavaScript,1050,git_update,https://github.com/akhagan/git_update,akhagan,https://github.com/akhagan,2019-07-01 13:18:47,Updating SWC git lessons with the puzzle analogy
7,Ruby,237,git_update,https://github.com/akhagan/git_update,akhagan,https://github.com/akhagan,2019-07-01 13:18:47,Updating SWC git lessons with the puzzle analogy
8,Shell,220,git_update,https://github.com/akhagan/git_update,akhagan,https://github.com/akhagan,2019-07-01 13:18:47,Updating SWC git lessons with the puzzle analogy
9,Jupyter Notebook,4368,PyCon_2019,https://github.com/GabrielleRab/PyCon_2019,GabrielleRab,https://github.com/GabrielleRab,2019-05-29 16:49:11,Repository for PyCon 2019 Education Summit Mini-Sprint: Workbooks that teach Python through scientific data exploration
10,Jupyter Notebook,14698,CapstoneProject,https://github.com/GWC-DCMB/CapstoneProject,GWC-DCMB,https://github.com/GWC-DCMB,2021-07-15 19:06:05,Capstone Project datasets & instructions.
11,Jupyter Notebook,27645,challengeQuestions,https://github.com/GWC-DCMB/challengeQuestions,GWC-DCMB,https://github.com/GWC-DCMB,2020-01-05 01:12:25,Jupyter notebooks of challenge questions for learners.
12,Python,4098,challengeQuestions,https://github.com/GWC-DCMB/challengeQuestions,GWC-DCMB,https://github.com/GWC-DCMB,2020-01-05 01:12:25,Jupyter notebooks of challenge questions for learners.
13,Jupyter Notebook,13105,codeDemos,https://github.com/GWC-DCMB/codeDemos,GWC-DCMB,https://github.com/GWC-DCMB,2019-12-03 23:13:01,Stand-alone Python coding demos.
14,Python,2761,codeDemos,https://github.com/GWC-DCMB/codeDemos,GWC-DCMB,https://github.com/GWC-DCMB,2019-12-03 23:13:01,Stand-alone Python coding demos.
15,Jupyter Notebook,104166,curriculum-notebooks,https://github.com/GWC-DCMB/curriculum-notebooks,GWC-DCMB,https://github.com/GWC-DCMB,2021-12-17 20:28:20,Jupyter notebooks for our Summer Experience and Club Curriculum.
16,TeX,17713,curriculum-notebooks,https://github.com/GWC-DCMB/curriculum-notebooks,GWC-DCMB,https://github.com/GWC-DCMB,2021-12-17 20:28:20,Jupyter notebooks for our Summer Experience and Club Curriculum.
17,Python,2427,curriculum-notebooks,https://github.com/GWC-DCMB/curriculum-notebooks,GWC-DCMB,https://github.com/GWC-DCMB,2021-12-17 20:28:20,Jupyter notebooks for our Summer Experience and Club Curriculum.
18,Shell,381,curriculum-notebooks,https://github.com/GWC-DCMB/curriculum-notebooks,GWC-DCMB,https://github.com/GWC-DCMB,2021-12-17 20:28:20,Jupyter notebooks for our Summer Experience and Club Curriculum.
19,R,1154,gwc-alumni-survey-2020,https://github.com/GWC-DCMB/gwc-alumni-survey-2020,GWC-DCMB,https://github.com/GWC-DCMB,2021-05-13 23:52:43,
20,Python,828,gwc-alumni-survey-2020,https://github.com/GWC-DCMB/gwc-alumni-survey-2020,GWC-DCMB,https://github.com/GWC-DCMB,2021-05-13 23:52:43,
21,Python,16077,GWC-DCMB,https://github.com/GWC-DCMB/GWC-DCMB,GWC-DCMB,https://github.com/GWC-DCMB,2021-10-11 16:12:35,A meta-repository to help navigate the repos and resources of Girls Who Code at UM-DCMB.
22,Shell,304,GWC-DCMB,https://github.com/GWC-DCMB/GWC-DCMB,GWC-DCMB,https://github.com/GWC-DCMB,2021-10-11 16:12:35,A meta-repository to help navigate the repos and resources of Girls Who Code at UM-DCMB.
23,HTML,3361038,ozobotLessons,https://github.com/GWC-DCMB/ozobotLessons,GWC-DCMB,https://github.com/GWC-DCMB,2019-11-04 14:54:51,Lesson plans for Ozobots.
24,R,8850,2020-04-12-CodeClub_PlotAnimation,https://github.com/kelly-sovacool/2020-04-12-CodeClub_PlotAnimation,kelly-sovacool,https://github.com/kelly-sovacool,2020-06-18 19:44:03,Tutorial of using gganimate to animate plots made with ggplot.
25,Jupyter Notebook,1763,advent-of-code,https://github.com/kelly-sovacool/advent-of-code,kelly-sovacool,https://github.com/kelly-sovacool,2021-12-10 21:05:29,My solutions to the Advent of Code puzzles.
26,Python,23089,advent-of-code,https://github.com/kelly-sovacool/advent-of-code,kelly-sovacool,https://github.com/kelly-sovacool,2021-12-10 21:05:29,My solutions to the Advent of Code puzzles.
27,Shell,315,advent-of-code,https://github.com/kelly-sovacool/advent-of-code,kelly-sovacool,https://github.com/kelly-sovacool,2021-12-10 21:05:29,My solutions to the Advent of Code puzzles.
28,Rust,45,advent-of-code,https://github.com/kelly-sovacool/advent-of-code,kelly-sovacool,https://github.com/kelly-sovacool,2021-12-10 21:05:29,My solutions to the Advent of Code puzzles.
29,Python,2419,asm-microbe-2020,https://github.com/kelly-sovacool/asm-microbe-2020,kelly-sovacool,https://github.com/kelly-sovacool,2021-11-24 14:50:22,Abstract & poster for ASM Microbe 2020
30,R,297,asm-microbe-2020,https://github.com/kelly-sovacool/asm-microbe-2020,kelly-sovacool,https://github.com/kelly-sovacool,2021-11-24 14:50:22,Abstract & poster for ASM Microbe 2020
31,TeX,74,asm-microbe-2020,https://github.com/kelly-sovacool/asm-microbe-2020,kelly-sovacool,https://github.com/kelly-sovacool,2021-11-24 14:50:22,Abstract & poster for ASM Microbe 2020
32,Python,2349,asm-microbe-2022,https://github.com/kelly-sovacool/asm-microbe-2022,kelly-sovacool,https://github.com/kelly-sovacool,2022-01-18 21:01:35,Abstract & Poster for ASM Microbe 2022
33,R,297,asm-microbe-2022,https://github.com/kelly-sovacool/asm-microbe-2022,kelly-sovacool,https://github.com/kelly-sovacool,2022-01-18 21:01:35,Abstract & Poster for ASM Microbe 2022
34,TeX,196,asm-microbe-2022,https://github.com/kelly-sovacool/asm-microbe-2022,kelly-sovacool,https://github.com/kelly-sovacool,2022-01-18 21:01:35,Abstract & Poster for ASM Microbe 2022
35,Python,157,best-tally,https://github.com/kelly-sovacool/best-tally,kelly-sovacool,https://github.com/kelly-sovacool,2022-01-20 21:26:14,Plotting the number of times my friends and I say ‚ÄúPat is the best‚Äù during my PhD.
36,R,129,best-tally,https://github.com/kelly-sovacool/best-tally,kelly-sovacool,https://github.com/kelly-sovacool,2022-01-20 21:26:14,Plotting the number of times my friends and I say ‚ÄúPat is the best‚Äù during my PhD.
37,Python,8651,bioinf-contest-2019,https://github.com/kelly-sovacool/bioinf-contest-2019,kelly-sovacool,https://github.com/kelly-sovacool,2019-02-10 07:09:22,
38,Python,1173,bioinf-contest-2021,https://github.com/kelly-sovacool/bioinf-contest-2021,kelly-sovacool,https://github.com/kelly-sovacool,2021-12-10 21:06:32,
39,R,17984,bioinf-pubs,https://github.com/kelly-sovacool/bioinf-pubs,kelly-sovacool,https://github.com/kelly-sovacool,2021-06-09 21:26:41,
40,Jupyter Notebook,366178,bioinf529-winter2019,https://github.com/kelly-sovacool/bioinf529-winter2019,kelly-sovacool,https://github.com/kelly-sovacool,2019-12-13 16:41:55,
41,Python,37941,bioinf529-winter2019,https://github.com/kelly-sovacool/bioinf529-winter2019,kelly-sovacool,https://github.com/kelly-sovacool,2019-12-13 16:41:55,
42,Shell,68,bioinf529-winter2019,https://github.com/kelly-sovacool/bioinf529-winter2019,kelly-sovacool,https://github.com/kelly-sovacool,2019-12-13 16:41:55,
43,MATLAB,44060,bioinf540-fall2019,https://github.com/kelly-sovacool/bioinf540-fall2019,kelly-sovacool,https://github.com/kelly-sovacool,2020-01-29 04:42:16,Assignments for BIOINF 540: Mathematics of Biological Networks
44,R,381,bioinf540-fall2019,https://github.com/kelly-sovacool/bioinf540-fall2019,kelly-sovacool,https://github.com/kelly-sovacool,2020-01-29 04:42:16,Assignments for BIOINF 540: Mathematics of Biological Networks
45,Shell,232,bioinf540-fall2019,https://github.com/kelly-sovacool/bioinf540-fall2019,kelly-sovacool,https://github.com/kelly-sovacool,2020-01-29 04:42:16,Assignments for BIOINF 540: Mathematics of Biological Networks
46,Python,27361,bioinf545-group3-project,https://github.com/kelly-sovacool/bioinf545-group3-project,kelly-sovacool,https://github.com/kelly-sovacool,2020-05-18 21:06:29,
47,R,24828,bioinf545-group3-project,https://github.com/kelly-sovacool/bioinf545-group3-project,kelly-sovacool,https://github.com/kelly-sovacool,2020-05-18 21:06:29,
48,Shell,7171,bioinf545-group3-project,https://github.com/kelly-sovacool/bioinf545-group3-project,kelly-sovacool,https://github.com/kelly-sovacool,2020-05-18 21:06:29,
49,TeX,1722,bioinf545-group3-project,https://github.com/kelly-sovacool/bioinf545-group3-project,kelly-sovacool,https://github.com/kelly-sovacool,2020-05-18 21:06:29,
50,R,11721,bioinf545-winter2020,https://github.com/kelly-sovacool/bioinf545-winter2020,kelly-sovacool,https://github.com/kelly-sovacool,2020-04-23 22:30:49,Assignments for BIOINF 545: High-throughput molecular genomic and epigenomic data analysis
51,Shell,9802,bioinf545-winter2020,https://github.com/kelly-sovacool/bioinf545-winter2020,kelly-sovacool,https://github.com/kelly-sovacool,2020-04-23 22:30:49,Assignments for BIOINF 545: High-throughput molecular genomic and epigenomic data analysis
52,Python,725,bioinf545-winter2020,https://github.com/kelly-sovacool/bioinf545-winter2020,kelly-sovacool,https://github.com/kelly-sovacool,2020-04-23 22:30:49,Assignments for BIOINF 545: High-throughput molecular genomic and epigenomic data analysis
53,TeX,39,bioinf545-winter2020,https://github.com/kelly-sovacool/bioinf545-winter2020,kelly-sovacool,https://github.com/kelly-sovacool,2020-04-23 22:30:49,Assignments for BIOINF 545: High-throughput molecular genomic and epigenomic data analysis
54,R,111897,biostat521-fall2019,https://github.com/kelly-sovacool/biostat521-fall2019,kelly-sovacool,https://github.com/kelly-sovacool,2020-01-29 04:41:39,Assignments for BIOSTAT 521: Applied Biostatistics I
55,TeX,51398,biostat521-fall2019,https://github.com/kelly-sovacool/biostat521-fall2019,kelly-sovacool,https://github.com/kelly-sovacool,2020-01-29 04:41:39,Assignments for BIOSTAT 521: Applied Biostatistics I
56,Python,1455,biostat521-fall2019,https://github.com/kelly-sovacool/biostat521-fall2019,kelly-sovacool,https://github.com/kelly-sovacool,2020-01-29 04:41:39,Assignments for BIOSTAT 521: Applied Biostatistics I
57,Shell,71,biostat521-fall2019,https://github.com/kelly-sovacool/biostat521-fall2019,kelly-sovacool,https://github.com/kelly-sovacool,2020-01-29 04:41:39,Assignments for BIOSTAT 521: Applied Biostatistics I
58,R,108222,biostat522-winter2020,https://github.com/kelly-sovacool/biostat522-winter2020,kelly-sovacool,https://github.com/kelly-sovacool,2020-04-21 16:33:37,Assignments for BIOSTAT522
59,Python,726,biostat522-winter2020,https://github.com/kelly-sovacool/biostat522-winter2020,kelly-sovacool,https://github.com/kelly-sovacool,2020-04-21 16:33:37,Assignments for BIOSTAT522
60,TeX,77,biostat522-winter2020,https://github.com/kelly-sovacool/biostat522-winter2020,kelly-sovacool,https://github.com/kelly-sovacool,2020-04-21 16:33:37,Assignments for BIOSTAT522
61,Shell,66,biostat522-winter2020,https://github.com/kelly-sovacool/biostat522-winter2020,kelly-sovacool,https://github.com/kelly-sovacool,2020-04-21 16:33:37,Assignments for BIOSTAT522
62,R,1488,build-tidy-tools,https://github.com/kelly-sovacool/build-tidy-tools,kelly-sovacool,https://github.com/kelly-sovacool,2020-02-06 15:13:58,Materials & my notes from Building Tidy Tools workshop at rstudio::conf(2020)
63,Python,9749,CRC-functional-redundancy,https://github.com/kelly-sovacool/CRC-functional-redundancy,kelly-sovacool,https://github.com/kelly-sovacool,2020-12-19 00:28:52,
64,Shell,1098,CRC-functional-redundancy,https://github.com/kelly-sovacool/CRC-functional-redundancy,kelly-sovacool,https://github.com/kelly-sovacool,2020-12-19 00:28:52,
65,R,121,CRC-functional-redundancy,https://github.com/kelly-sovacool/CRC-functional-redundancy,kelly-sovacool,https://github.com/kelly-sovacool,2020-12-19 00:28:52,
66,Python,31522,csurs,https://github.com/kelly-sovacool/csurs,kelly-sovacool,https://github.com/kelly-sovacool,2019-04-29 14:47:34,Archive from my time working in Dr. Jaromczyk's CSURS lab at UK (Fall 2015 - Spring 2016).
67,Perl,42,csurs,https://github.com/kelly-sovacool/csurs,kelly-sovacool,https://github.com/kelly-sovacool,2019-04-29 14:47:34,Archive from my time working in Dr. Jaromczyk's CSURS lab at UK (Fall 2015 - Spring 2016).
68,Python,2458,debug-unstable-seqs,https://github.com/kelly-sovacool/debug-unstable-seqs,kelly-sovacool,https://github.com/kelly-sovacool,2020-02-12 15:44:56,Debugging unstable behavior of the unique.seqs() mothur command
69,Shell,995,debug-unstable-seqs,https://github.com/kelly-sovacool/debug-unstable-seqs,kelly-sovacool,https://github.com/kelly-sovacool,2020-02-12 15:44:56,Debugging unstable behavior of the unique.seqs() mothur command
70,Python,339426,detectingGeneDuplicationEvents,https://github.com/kelly-sovacool/detectingGeneDuplicationEvents,kelly-sovacool,https://github.com/kelly-sovacool,2019-11-04 21:53:29,Build ortholog & paralog sets from whole transcriptomes with all-vs-all BLAST.
71,TeX,5700,diss-abstract,https://github.com/kelly-sovacool/diss-abstract,kelly-sovacool,https://github.com/kelly-sovacool,2021-11-19 17:15:09,
72,Python,464,diss-abstract,https://github.com/kelly-sovacool/diss-abstract,kelly-sovacool,https://github.com/kelly-sovacool,2021-11-19 17:15:09,
73,Jupyter Notebook,10335,dmrr-submission-prep,https://github.com/kelly-sovacool/dmrr-submission-prep,kelly-sovacool,https://github.com/kelly-sovacool,2019-01-18 08:13:08,Prepare miRNA metadata for submission to the exRNA Data Coordination Center
74,Python,21069,dmrr-submission-prep,https://github.com/kelly-sovacool/dmrr-submission-prep,kelly-sovacool,https://github.com/kelly-sovacool,2019-01-18 08:13:08,Prepare miRNA metadata for submission to the exRNA Data Coordination Center
75,C++,144063,eecs402-fall2019,https://github.com/kelly-sovacool/eecs402-fall2019,kelly-sovacool,https://github.com/kelly-sovacool,2020-01-29 04:41:23,Assignments for EECS402: Programming for Scientists & Engineers
76,Makefile,2555,eecs402-fall2019,https://github.com/kelly-sovacool/eecs402-fall2019,kelly-sovacool,https://github.com/kelly-sovacool,2020-01-29 04:41:23,Assignments for EECS402: Programming for Scientists & Engineers
77,Shell,348,eecs402-fall2019,https://github.com/kelly-sovacool/eecs402-fall2019,kelly-sovacool,https://github.com/kelly-sovacool,2020-01-29 04:41:23,Assignments for EECS402: Programming for Scientists & Engineers
78,R,2075,foofactors,https://github.com/kelly-sovacool/foofactors,kelly-sovacool,https://github.com/kelly-sovacool,2020-01-29 04:36:31,Practice from Building Tidy Tools workshop at rstudio::conf(2020)
79,R,983,fordogs,https://github.com/kelly-sovacool/fordogs,kelly-sovacool,https://github.com/kelly-sovacool,2020-01-29 04:34:29,Practice from Building Tidy Tools workshop at rstudio::conf(2020)
80,R,4020,functional.redundancy,https://github.com/kelly-sovacool/functional.redundancy,kelly-sovacool,https://github.com/kelly-sovacool,2021-05-18 15:03:28,
81,Python,3918,geo109-project,https://github.com/kelly-sovacool/geo109-project,kelly-sovacool,https://github.com/kelly-sovacool,2019-12-13 16:36:16,Lexington collision maps for GEO109
82,Python,8705,gliomaMasterTFs,https://github.com/kelly-sovacool/gliomaMasterTFs,kelly-sovacool,https://github.com/kelly-sovacool,2019-10-17 16:35:37,Identify master transcription factors in glioblastoma multiforme.
83,R,4681,gliomaMasterTFs,https://github.com/kelly-sovacool/gliomaMasterTFs,kelly-sovacool,https://github.com/kelly-sovacool,2019-10-17 16:35:37,Identify master transcription factors in glioblastoma multiforme.
84,Shell,1353,gliomaMasterTFs,https://github.com/kelly-sovacool/gliomaMasterTFs,kelly-sovacool,https://github.com/kelly-sovacool,2019-10-17 16:35:37,Identify master transcription factors in glioblastoma multiforme.
85,R,1154,gwc-alumni-survey-2020,https://github.com/kelly-sovacool/gwc-alumni-survey-2020,kelly-sovacool,https://github.com/kelly-sovacool,2021-05-10 15:22:06,
86,Python,856,gwc-alumni-survey-2020,https://github.com/kelly-sovacool/gwc-alumni-survey-2020,kelly-sovacool,https://github.com/kelly-sovacool,2021-05-10 15:22:06,
87,Jupyter Notebook,3869,gwc3-capstone-winter2019,https://github.com/kelly-sovacool/gwc3-capstone-winter2019,kelly-sovacool,https://github.com/kelly-sovacool,2019-10-17 16:36:16,"Girls Who Code capstone project by Gianna, Vibha, & Anisha for Winter 2019"
88,Python,417,health-tracking,https://github.com/kelly-sovacool/health-tracking,kelly-sovacool,https://github.com/kelly-sovacool,2019-03-30 15:40:00,Tracking my headaches & other health data.
89,Shell,542,hpc-config,https://github.com/kelly-sovacool/hpc-config,kelly-sovacool,https://github.com/kelly-sovacool,2021-10-26 18:40:11,Config files for Linux HPC accounts
90,Jupyter Notebook,621,jupyter-ci-mwe,https://github.com/kelly-sovacool/jupyter-ci-mwe,kelly-sovacool,https://github.com/kelly-sovacool,2020-01-02 16:14:47,A minimal working example of using continuous integration to convert jupyter notebooks to PDFs.
91,Python,3138,lang-stats,https://github.com/kelly-sovacool/lang-stats,kelly-sovacool,https://github.com/kelly-sovacool,2019-06-06 18:12:53,Collect & plot personal programming language statistics from GitHub repos
92,TeX,112735,latex-cv,https://github.com/kelly-sovacool/latex-cv,kelly-sovacool,https://github.com/kelly-sovacool,2022-01-10 17:24:54,My curriculum vitae in LaTeX + a Snakemake pipeline for compiling tex to pdf.
93,Python,1315,latex-cv,https://github.com/kelly-sovacool/latex-cv,kelly-sovacool,https://github.com/kelly-sovacool,2022-01-10 17:24:54,My curriculum vitae in LaTeX + a Snakemake pipeline for compiling tex to pdf.
94,Shell,65,latex-cv,https://github.com/kelly-sovacool/latex-cv,kelly-sovacool,https://github.com/kelly-sovacool,2022-01-10 17:24:54,My curriculum vitae in LaTeX + a Snakemake pipeline for compiling tex to pdf.
95,TeX,8476,lipschutz-award,https://github.com/kelly-sovacool/lipschutz-award,kelly-sovacool,https://github.com/kelly-sovacool,2020-11-10 21:06:30,Statement for the Susan Lipschutz Award
96,Python,983,lipschutz-award,https://github.com/kelly-sovacool/lipschutz-award,kelly-sovacool,https://github.com/kelly-sovacool,2020-11-10 21:06:30,Statement for the Susan Lipschutz Award
97,R,258205,lncRNA-pan-cancer,https://github.com/kelly-sovacool/lncRNA-pan-cancer,kelly-sovacool,https://github.com/kelly-sovacool,2019-04-03 19:43:03,Pan-cancer analysis of lncRNA eSNVs
98,Jupyter Notebook,2853,lncRNA-pan-cancer,https://github.com/kelly-sovacool/lncRNA-pan-cancer,kelly-sovacool,https://github.com/kelly-sovacool,2019-04-03 19:43:03,Pan-cancer analysis of lncRNA eSNVs
99,Python,3776,lncRNA-pan-cancer,https://github.com/kelly-sovacool/lncRNA-pan-cancer,kelly-sovacool,https://github.com/kelly-sovacool,2019-04-03 19:43:03,Pan-cancer analysis of lncRNA eSNVs
100,TeX,2476,lncRNA-pan-cancer,https://github.com/kelly-sovacool/lncRNA-pan-cancer,kelly-sovacool,https://github.com/kelly-sovacool,2019-04-03 19:43:03,Pan-cancer analysis of lncRNA eSNVs
101,Shell,2705,mac-config,https://github.com/kelly-sovacool/mac-config,kelly-sovacool,https://github.com/kelly-sovacool,2021-08-19 21:23:42,
102,Python,11366,meta-private,https://github.com/kelly-sovacool/meta-private,kelly-sovacool,https://github.com/kelly-sovacool,2022-01-10 05:22:12,A meta-repository to organize my projects
103,R,2257,meta-private,https://github.com/kelly-sovacool/meta-private,kelly-sovacool,https://github.com/kelly-sovacool,2022-01-10 05:22:12,A meta-repository to organize my projects
104,Shell,319,meta-private,https://github.com/kelly-sovacool/meta-private,kelly-sovacool,https://github.com/kelly-sovacool,2022-01-10 05:22:12,A meta-repository to organize my projects
105,Python,12065,meta-repo,https://github.com/kelly-sovacool/meta-repo,kelly-sovacool,https://github.com/kelly-sovacool,2022-01-10 05:32:18,A meta-repository to organize my public projects.
106,R,3566,meta-repo,https://github.com/kelly-sovacool/meta-repo,kelly-sovacool,https://github.com/kelly-sovacool,2022-01-10 05:32:18,A meta-repository to organize my public projects.
107,Shell,319,meta-repo,https://github.com/kelly-sovacool/meta-repo,kelly-sovacool,https://github.com/kelly-sovacool,2022-01-10 05:32:18,A meta-repository to organize my public projects.
108,R,31712,micrbiol612,https://github.com/kelly-sovacool/micrbiol612,kelly-sovacool,https://github.com/kelly-sovacool,2019-10-17 16:35:56,
109,Rust,8469,minigrep,https://github.com/kelly-sovacool/minigrep,kelly-sovacool,https://github.com/kelly-sovacool,2021-11-27 05:21:01,Practicing writing rust code
110,R,65581,miRNA-diff-expr,https://github.com/kelly-sovacool/miRNA-diff-expr,kelly-sovacool,https://github.com/kelly-sovacool,2019-04-03 20:17:04,Differential expression analysis for miRNA sequence data
111,CSS,6582,mothur-sensspec-debug,https://github.com/kelly-sovacool/mothur-sensspec-debug,kelly-sovacool,https://github.com/kelly-sovacool,2021-10-19 15:33:07,
112,Python,6250,mothur-sensspec-debug,https://github.com/kelly-sovacool/mothur-sensspec-debug,kelly-sovacool,https://github.com/kelly-sovacool,2021-10-19 15:33:07,
113,HTML,5495,mothur-sensspec-debug,https://github.com/kelly-sovacool/mothur-sensspec-debug,kelly-sovacool,https://github.com/kelly-sovacool,2021-10-19 15:33:07,
114,Shell,952,mothur-sensspec-debug,https://github.com/kelly-sovacool/mothur-sensspec-debug,kelly-sovacool,https://github.com/kelly-sovacool,2021-10-19 15:33:07,
115,R,734,mothur-sensspec-debug,https://github.com/kelly-sovacool/mothur-sensspec-debug,kelly-sovacool,https://github.com/kelly-sovacool,2021-10-19 15:33:07,
116,Jupyter Notebook,13900,nih_rigor_workshop,https://github.com/kelly-sovacool/nih_rigor_workshop,kelly-sovacool,https://github.com/kelly-sovacool,2019-11-22 16:09:11,
117,Python,372,nih_rigor_workshop,https://github.com/kelly-sovacool/nih_rigor_workshop,kelly-sovacool,https://github.com/kelly-sovacool,2019-11-22 16:09:11,
118,TeX,58251,NSF-GRFP,https://github.com/kelly-sovacool/NSF-GRFP,kelly-sovacool,https://github.com/kelly-sovacool,2020-04-22 05:32:56,Application for the NSF Graduate Research Fellowship Program
119,Python,781,NSF-GRFP,https://github.com/kelly-sovacool/NSF-GRFP,kelly-sovacool,https://github.com/kelly-sovacool,2020-04-22 05:32:56,Application for the NSF Graduate Research Fellowship Program
120,Shell,85,NSF-GRFP,https://github.com/kelly-sovacool/NSF-GRFP,kelly-sovacool,https://github.com/kelly-sovacool,2020-04-22 05:32:56,Application for the NSF Graduate Research Fellowship Program
121,R,775,phd-timeline,https://github.com/kelly-sovacool/phd-timeline,kelly-sovacool,https://github.com/kelly-sovacool,2022-01-23 22:30:05,
122,TeX,225059,prelim,https://github.com/kelly-sovacool/prelim,kelly-sovacool,https://github.com/kelly-sovacool,2021-03-18 20:59:50,"My abstract, proposal, and presentation for the preliminary exam for the UMich Bioinformatics PhD program."
123,Python,1103,prelim,https://github.com/kelly-sovacool/prelim,kelly-sovacool,https://github.com/kelly-sovacool,2021-03-18 20:59:50,"My abstract, proposal, and presentation for the preliminary exam for the UMich Bioinformatics PhD program."
124,R,297,prelim,https://github.com/kelly-sovacool/prelim,kelly-sovacool,https://github.com/kelly-sovacool,2021-03-18 20:59:50,"My abstract, proposal, and presentation for the preliminary exam for the UMich Bioinformatics PhD program."
125,Shell,147,prelim,https://github.com/kelly-sovacool/prelim,kelly-sovacool,https://github.com/kelly-sovacool,2021-03-18 20:59:50,"My abstract, proposal, and presentation for the preliminary exam for the UMich Bioinformatics PhD program."
126,Python,1404,rao-lab-project-updates,https://github.com/kelly-sovacool/rao-lab-project-updates,kelly-sovacool,https://github.com/kelly-sovacool,2019-04-29 14:46:18,Tracking progress for my projects in Arvind Rao's lab.
127,C++,13521,Rcpp.practice,https://github.com/kelly-sovacool/Rcpp.practice,kelly-sovacool,https://github.com/kelly-sovacool,2021-12-01 23:01:23,Practice using Rcpp
128,R,4752,Rcpp.practice,https://github.com/kelly-sovacool/Rcpp.practice,kelly-sovacool,https://github.com/kelly-sovacool,2021-12-01 23:01:23,Practice using Rcpp
129,R,9288,refactor-group-corr-feats,https://github.com/kelly-sovacool/refactor-group-corr-feats,kelly-sovacool,https://github.com/kelly-sovacool,2021-08-23 21:17:08,
130,Python,743,refactor-group-corr-feats,https://github.com/kelly-sovacool/refactor-group-corr-feats,kelly-sovacool,https://github.com/kelly-sovacool,2021-08-23 21:17:08,
131,Python,363,snakemake-Rscript-log-mwe,https://github.com/kelly-sovacool/snakemake-Rscript-log-mwe,kelly-sovacool,https://github.com/kelly-sovacool,2020-12-03 18:22:28,A minimal working example of using Snakemake log files with R scripts
132,R,289,snakemake-Rscript-log-mwe,https://github.com/kelly-sovacool/snakemake-Rscript-log-mwe,kelly-sovacool,https://github.com/kelly-sovacool,2020-12-03 18:22:28,A minimal working example of using Snakemake log files with R scripts
133,Shell,2379,snakemake_hpc_mwe,https://github.com/kelly-sovacool/snakemake_hpc_mwe,kelly-sovacool,https://github.com/kelly-sovacool,2021-12-10 21:05:40,A minimal working example of using Snakemake on an HPC running PBS-torque or SLURM.
134,Python,624,snakemake_hpc_mwe,https://github.com/kelly-sovacool/snakemake_hpc_mwe,kelly-sovacool,https://github.com/kelly-sovacool,2021-12-10 21:05:40,A minimal working example of using Snakemake on an HPC running PBS-torque or SLURM.
135,Python,1270,stats-ref,https://github.com/kelly-sovacool/stats-ref,kelly-sovacool,https://github.com/kelly-sovacool,2019-06-15 03:48:37,A reference for concepts & equations in statistics.
136,CSS,172,stats-ref,https://github.com/kelly-sovacool/stats-ref,kelly-sovacool,https://github.com/kelly-sovacool,2019-06-15 03:48:37,A reference for concepts & equations in statistics.
137,Python,830,strategic-plan,https://github.com/kelly-sovacool/strategic-plan,kelly-sovacool,https://github.com/kelly-sovacool,2022-01-05 18:08:54,Setting goals & tracking progress for my projects
138,R,76942,strava,https://github.com/kelly-sovacool/strava,kelly-sovacool,https://github.com/kelly-sovacool,2022-01-10 17:43:36,Having fun plotting my activity data from Strava!
139,Python,2481,strava,https://github.com/kelly-sovacool/strava,kelly-sovacool,https://github.com/kelly-sovacool,2022-01-10 17:43:36,Having fun plotting my activity data from Strava!
140,Shell,194,strava,https://github.com/kelly-sovacool/strava,kelly-sovacool,https://github.com/kelly-sovacool,2022-01-10 17:43:36,Having fun plotting my activity data from Strava!
141,Python,20526,test-opti-random,https://github.com/kelly-sovacool/test-opti-random,kelly-sovacool,https://github.com/kelly-sovacool,2021-11-03 21:08:01,
142,R,1623,test-opti-random,https://github.com/kelly-sovacool/test-opti-random,kelly-sovacool,https://github.com/kelly-sovacool,2021-11-03 21:08:01,
143,Shell,1003,test-opti-random,https://github.com/kelly-sovacool/test-opti-random,kelly-sovacool,https://github.com/kelly-sovacool,2021-11-03 21:08:01,
144,R,2605,tidytest,https://github.com/kelly-sovacool/tidytest,kelly-sovacool,https://github.com/kelly-sovacool,2020-01-29 04:35:54,Practice from Building Tidy Tools workshop at rstudio::conf(2020)
145,Python,59605,tiger_salamander_project,https://github.com/kelly-sovacool/tiger_salamander_project,kelly-sovacool,https://github.com/kelly-sovacool,2019-12-19 22:04:47,SNP pipeline using Snakemake for the Weisrock Lab's Tiger Salamander project.
146,Shell,40703,tiger_salamander_project,https://github.com/kelly-sovacool/tiger_salamander_project,kelly-sovacool,https://github.com/kelly-sovacool,2019-12-19 22:04:47,SNP pipeline using Snakemake for the Weisrock Lab's Tiger Salamander project.
147,R,3100,un-report,https://github.com/kelly-sovacool/un-report,kelly-sovacool,https://github.com/kelly-sovacool,2021-11-22 21:19:08,example repo for teaching git & github 
148,Python,304582,undergrad-comp-sci,https://github.com/kelly-sovacool/undergrad-comp-sci,kelly-sovacool,https://github.com/kelly-sovacool,2019-12-13 16:31:44,A collection of code I wrote for assignments in computer science courses as an undergraduate student at the University of Kentucky (2014-2018).
149,C++,111651,undergrad-comp-sci,https://github.com/kelly-sovacool/undergrad-comp-sci,kelly-sovacool,https://github.com/kelly-sovacool,2019-12-13 16:31:44,A collection of code I wrote for assignments in computer science courses as an undergraduate student at the University of Kentucky (2014-2018).
150,Ruby,22387,undergrad-comp-sci,https://github.com/kelly-sovacool/undergrad-comp-sci,kelly-sovacool,https://github.com/kelly-sovacool,2019-12-13 16:31:44,A collection of code I wrote for assignments in computer science courses as an undergraduate student at the University of Kentucky (2014-2018).
151,PHP,20560,undergrad-comp-sci,https://github.com/kelly-sovacool/undergrad-comp-sci,kelly-sovacool,https://github.com/kelly-sovacool,2019-12-13 16:31:44,A collection of code I wrote for assignments in computer science courses as an undergraduate student at the University of Kentucky (2014-2018).
152,JavaScript,15983,undergrad-comp-sci,https://github.com/kelly-sovacool/undergrad-comp-sci,kelly-sovacool,https://github.com/kelly-sovacool,2019-12-13 16:31:44,A collection of code I wrote for assignments in computer science courses as an undergraduate student at the University of Kentucky (2014-2018).
153,Perl,12856,undergrad-comp-sci,https://github.com/kelly-sovacool/undergrad-comp-sci,kelly-sovacool,https://github.com/kelly-sovacool,2019-12-13 16:31:44,A collection of code I wrote for assignments in computer science courses as an undergraduate student at the University of Kentucky (2014-2018).
154,R,2383,undergrad-comp-sci,https://github.com/kelly-sovacool/undergrad-comp-sci,kelly-sovacool,https://github.com/kelly-sovacool,2019-12-13 16:31:44,A collection of code I wrote for assignments in computer science courses as an undergraduate student at the University of Kentucky (2014-2018).
155,HTML,2129,undergrad-comp-sci,https://github.com/kelly-sovacool/undergrad-comp-sci,kelly-sovacool,https://github.com/kelly-sovacool,2019-12-13 16:31:44,A collection of code I wrote for assignments in computer science courses as an undergraduate student at the University of Kentucky (2014-2018).
156,CSS,866,undergrad-comp-sci,https://github.com/kelly-sovacool/undergrad-comp-sci,kelly-sovacool,https://github.com/kelly-sovacool,2019-12-13 16:31:44,A collection of code I wrote for assignments in computer science courses as an undergraduate student at the University of Kentucky (2014-2018).
157,Makefile,356,undergrad-comp-sci,https://github.com/kelly-sovacool/undergrad-comp-sci,kelly-sovacool,https://github.com/kelly-sovacool,2019-12-13 16:31:44,A collection of code I wrote for assignments in computer science courses as an undergraduate student at the University of Kentucky (2014-2018).
158,TeX,62430,lab-notebook,https://github.com/megancoden/lab-notebook,megancoden,https://github.com/megancoden,2022-01-10 18:23:15,
159,Python,143774,detectingGeneDuplicationEvents,https://github.com/MoseleyBioinformaticsLab/detectingGeneDuplicationEvents,MoseleyBioinformaticsLab,https://github.com/MoseleyBioinformaticsLab,2021-11-19 16:55:27,
160,R,60522,adverseCDI,https://github.com/SchlossLab/adverseCDI,SchlossLab,https://github.com/SchlossLab,2022-01-07 19:38:06,
161,Python,16485,adverseCDI,https://github.com/SchlossLab/adverseCDI,SchlossLab,https://github.com/SchlossLab,2022-01-07 19:38:06,
162,TeX,5773,adverseCDI,https://github.com/SchlossLab/adverseCDI,SchlossLab,https://github.com/SchlossLab,2022-01-07 19:38:06,
163,Shell,1472,adverseCDI,https://github.com/SchlossLab/adverseCDI,SchlossLab,https://github.com/SchlossLab,2022-01-07 19:38:06,
164,HTML,1546917,Armour_OptiFitGLNE_XXXX_2021,https://github.com/SchlossLab/Armour_OptiFitGLNE_XXXX_2021,SchlossLab,https://github.com/SchlossLab,2021-07-07 17:32:00,Application of the OptiFit algorithm to CRC dataset to predict SRNs from microbiome data 
165,R,28597,Armour_OptiFitGLNE_XXXX_2021,https://github.com/SchlossLab/Armour_OptiFitGLNE_XXXX_2021,SchlossLab,https://github.com/SchlossLab,2021-07-07 17:32:00,Application of the OptiFit algorithm to CRC dataset to predict SRNs from microbiome data 
166,Shell,14861,Armour_OptiFitGLNE_XXXX_2021,https://github.com/SchlossLab/Armour_OptiFitGLNE_XXXX_2021,SchlossLab,https://github.com/SchlossLab,2021-07-07 17:32:00,Application of the OptiFit algorithm to CRC dataset to predict SRNs from microbiome data 
167,Python,13736,Armour_OptiFitGLNE_XXXX_2021,https://github.com/SchlossLab/Armour_OptiFitGLNE_XXXX_2021,SchlossLab,https://github.com/SchlossLab,2021-07-07 17:32:00,Application of the OptiFit algorithm to CRC dataset to predict SRNs from microbiome data 
168,TeX,5773,Armour_OptiFitGLNE_XXXX_2021,https://github.com/SchlossLab/Armour_OptiFitGLNE_XXXX_2021,SchlossLab,https://github.com/SchlossLab,2021-07-07 17:32:00,Application of the OptiFit algorithm to CRC dataset to predict SRNs from microbiome data 
169,R,4427,Barron_IBD-CDI_2022,https://github.com/SchlossLab/Barron_IBD-CDI_2022,SchlossLab,https://github.com/SchlossLab,2022-01-19 02:59:45,ML analysis to predict CDI clearance from cecal communities of IBD & control mice
170,Python,4215,Barron_IBD-CDI_2022,https://github.com/SchlossLab/Barron_IBD-CDI_2022,SchlossLab,https://github.com/SchlossLab,2022-01-19 02:59:45,ML analysis to predict CDI clearance from cecal communities of IBD & control mice
171,Shell,428,Barron_IBD-CDI_2022,https://github.com/SchlossLab/Barron_IBD-CDI_2022,SchlossLab,https://github.com/SchlossLab,2022-01-19 02:59:45,ML analysis to predict CDI clearance from cecal communities of IBD & control mice
172,R,9752,compositional_data_analysis,https://github.com/SchlossLab/compositional_data_analysis,SchlossLab,https://github.com/SchlossLab,2020-02-25 15:06:37,Group effort to study impact of treating microbiome relative abundance data as compositional or not
173,Makefile,349,compositional_data_analysis,https://github.com/SchlossLab/compositional_data_analysis,SchlossLab,https://github.com/SchlossLab,2020-02-25 15:06:37,Group effort to study impact of treating microbiome relative abundance data as compositional or not
174,R,125991,crc-storage,https://github.com/SchlossLab/crc-storage,SchlossLab,https://github.com/SchlossLab,2022-01-08 20:05:27,
175,Python,10176,crc-storage,https://github.com/SchlossLab/crc-storage,SchlossLab,https://github.com/SchlossLab,2022-01-08 20:05:27,
176,Shell,847,crc-storage,https://github.com/SchlossLab/crc-storage,SchlossLab,https://github.com/SchlossLab,2022-01-08 20:05:27,
177,R,9871,documenting-R,https://github.com/SchlossLab/documenting-R,SchlossLab,https://github.com/SchlossLab,2020-02-06 15:13:17,Materials for a code review on documenting R code.
178,R,11848,exception-handling,https://github.com/SchlossLab/exception-handling,SchlossLab,https://github.com/SchlossLab,2020-02-06 15:13:35,Materials for a code review on exception handling in R for lab meeting.
179,HTML,508064,gh-tips,https://github.com/SchlossLab/gh-tips,SchlossLab,https://github.com/SchlossLab,2021-09-27 17:23:00,Tips & tricks for making the most of GitHub
180,TeX,56089,gh-tips,https://github.com/SchlossLab/gh-tips,SchlossLab,https://github.com/SchlossLab,2021-09-27 17:23:00,Tips & tricks for making the most of GitHub
181,R,6744,intro-testing-r,https://github.com/SchlossLab/intro-testing-r,SchlossLab,https://github.com/SchlossLab,2021-08-26 16:53:22,Introduction to Testing R Code
182,HTML,738946,Lucas_BGCinCRC_XXXX_XXXX,https://github.com/SchlossLab/Lucas_BGCinCRC_XXXX_XXXX,SchlossLab,https://github.com/SchlossLab,2021-09-28 18:16:20,Repository for analysis of the 30:30:30 Hannigan 2018 mBio dataset.
183,Shell,143847,Lucas_BGCinCRC_XXXX_XXXX,https://github.com/SchlossLab/Lucas_BGCinCRC_XXXX_XXXX,SchlossLab,https://github.com/SchlossLab,2021-09-28 18:16:20,Repository for analysis of the 30:30:30 Hannigan 2018 mBio dataset.
184,TeX,11101,Lucas_BGCinCRC_XXXX_XXXX,https://github.com/SchlossLab/Lucas_BGCinCRC_XXXX_XXXX,SchlossLab,https://github.com/SchlossLab,2021-09-28 18:16:20,Repository for analysis of the 30:30:30 Hannigan 2018 mBio dataset.
185,Python,9946,Lucas_BGCinCRC_XXXX_XXXX,https://github.com/SchlossLab/Lucas_BGCinCRC_XXXX_XXXX,SchlossLab,https://github.com/SchlossLab,2021-09-28 18:16:20,Repository for analysis of the 30:30:30 Hannigan 2018 mBio dataset.
186,R,990,Lucas_BGCinCRC_XXXX_XXXX,https://github.com/SchlossLab/Lucas_BGCinCRC_XXXX_XXXX,SchlossLab,https://github.com/SchlossLab,2021-09-28 18:16:20,Repository for analysis of the 30:30:30 Hannigan 2018 mBio dataset.
187,R,179529,mikropml,https://github.com/SchlossLab/mikropml,SchlossLab,https://github.com/SchlossLab,2021-12-09 19:30:02,User-Friendly R Package for Supervised Machine Learning Pipelines
188,R,4016,mikropml-snakemake-workflow,https://github.com/SchlossLab/mikropml-snakemake-workflow,SchlossLab,https://github.com/SchlossLab,2021-12-14 17:33:03,Template for running mikRopML with Snakemake
189,Python,3826,mikropml-snakemake-workflow,https://github.com/SchlossLab/mikropml-snakemake-workflow,SchlossLab,https://github.com/SchlossLab,2021-12-14 17:33:03,Template for running mikRopML with Snakemake
190,Shell,429,mikropml-snakemake-workflow,https://github.com/SchlossLab/mikropml-snakemake-workflow,SchlossLab,https://github.com/SchlossLab,2021-12-14 17:33:03,Template for running mikRopML with Snakemake
191,Python,10784,MiSeq-SOP-demo,https://github.com/SchlossLab/MiSeq-SOP-demo,SchlossLab,https://github.com/SchlossLab,2021-11-29 17:20:07,
192,TeX,4574,MiSeq-SOP-demo,https://github.com/SchlossLab/MiSeq-SOP-demo,SchlossLab,https://github.com/SchlossLab,2021-11-29 17:20:07,
193,R,1113,MiSeq-SOP-demo,https://github.com/SchlossLab/MiSeq-SOP-demo,SchlossLab,https://github.com/SchlossLab,2021-11-29 17:20:07,
194,R,4007,mums2,https://github.com/SchlossLab/mums2,SchlossLab,https://github.com/SchlossLab,2020-09-04 15:20:43,An R package to cluster features from untargeted mass spectrometry experiments into Operational Metabolomic Units (OMU).
195,Python,8858,omu-prototype,https://github.com/SchlossLab/omu-prototype,SchlossLab,https://github.com/SchlossLab,2020-08-18 18:05:23,A prototype in Python to cluster features from untargeted mass spectrometry experiments into Operational Metabolomic Units (OMU)
196,R,898,omu.analysis,https://github.com/SchlossLab/omu.analysis,SchlossLab,https://github.com/SchlossLab,2020-11-20 16:25:58,Applying LC-MS/MS analysis methods for Operational Metabolomic Units
197,Python,374,omu.analysis,https://github.com/SchlossLab/omu.analysis,SchlossLab,https://github.com/SchlossLab,2020-11-20 16:25:58,Applying LC-MS/MS analysis methods for Operational Metabolomic Units
198,HTML,18751,schlosslab.github.io,https://github.com/SchlossLab/schlosslab.github.io,SchlossLab,https://github.com/SchlossLab,2022-01-10 14:32:28,The website for the Schloss Lab at the University of Michigan
199,SCSS,18118,schlosslab.github.io,https://github.com/SchlossLab/schlosslab.github.io,SchlossLab,https://github.com/SchlossLab,2022-01-10 14:32:28,The website for the Schloss Lab at the University of Michigan
200,CSS,3822,schlosslab.github.io,https://github.com/SchlossLab/schlosslab.github.io,SchlossLab,https://github.com/SchlossLab,2022-01-10 14:32:28,The website for the Schloss Lab at the University of Michigan
201,Ruby,50,schlosslab.github.io,https://github.com/SchlossLab/schlosslab.github.io,SchlossLab,https://github.com/SchlossLab,2022-01-10 14:32:28,The website for the Schloss Lab at the University of Michigan
202,R,14186,schtools,https://github.com/SchlossLab/schtools,SchlossLab,https://github.com/SchlossLab,2021-12-10 20:51:10,Schloss Lab Tools for Reproducible Microbiome Research üí©
203,Python,101023,Sovacool_OptiFit_mSphere_2022,https://github.com/SchlossLab/Sovacool_OptiFit_mSphere_2022,SchlossLab,https://github.com/SchlossLab,2021-12-16 21:56:38,The manuscript accompanying the OptiFit algorithm in mothur
204,R,34432,Sovacool_OptiFit_mSphere_2022,https://github.com/SchlossLab/Sovacool_OptiFit_mSphere_2022,SchlossLab,https://github.com/SchlossLab,2021-12-16 21:56:38,The manuscript accompanying the OptiFit algorithm in mothur
205,TeX,5058,Sovacool_OptiFit_mSphere_2022,https://github.com/SchlossLab/Sovacool_OptiFit_mSphere_2022,SchlossLab,https://github.com/SchlossLab,2021-12-16 21:56:38,The manuscript accompanying the OptiFit algorithm in mothur
206,Shell,3525,Sovacool_OptiFit_mSphere_2022,https://github.com/SchlossLab/Sovacool_OptiFit_mSphere_2022,SchlossLab,https://github.com/SchlossLab,2021-12-16 21:56:38,The manuscript accompanying the OptiFit algorithm in mothur
207,R,263104,Tomkovich_CDI_clinical_XXXX_2021,https://github.com/SchlossLab/Tomkovich_CDI_clinical_XXXX_2021,SchlossLab,https://github.com/SchlossLab,2021-08-02 22:01:08,
208,Shell,18303,Tomkovich_CDI_clinical_XXXX_2021,https://github.com/SchlossLab/Tomkovich_CDI_clinical_XXXX_2021,SchlossLab,https://github.com/SchlossLab,2021-08-02 22:01:08,
209,TeX,16701,Tomkovich_CDI_clinical_XXXX_2021,https://github.com/SchlossLab/Tomkovich_CDI_clinical_XXXX_2021,SchlossLab,https://github.com/SchlossLab,2021-08-02 22:01:08,
210,Makefile,5833,Tomkovich_CDI_clinical_XXXX_2021,https://github.com/SchlossLab/Tomkovich_CDI_clinical_XXXX_2021,SchlossLab,https://github.com/SchlossLab,2021-08-02 22:01:08,
211,Python,5649,Tomkovich_CDI_clinical_XXXX_2021,https://github.com/SchlossLab/Tomkovich_CDI_clinical_XXXX_2021,SchlossLab,https://github.com/SchlossLab,2021-08-02 22:01:08,
212,Python,1333,vscode-code-club,https://github.com/SchlossLab/vscode-code-club,SchlossLab,https://github.com/SchlossLab,2021-11-03 16:03:52,Code club to introduce VS Code
213,Makefile,687,vscode-code-club,https://github.com/SchlossLab/vscode-code-club,SchlossLab,https://github.com/SchlossLab,2021-11-03 16:03:52,Code club to introduce VS Code
214,R,507,vscode-code-club,https://github.com/SchlossLab/vscode-code-club,SchlossLab,https://github.com/SchlossLab,2021-11-03 16:03:52,Code club to introduce VS Code
215,Python,16961,useful-programs,https://github.com/thesuperlab/useful-programs,thesuperlab,https://github.com/thesuperlab,2018-04-20 02:27:03,
216,Shell,5316,useful-programs,https://github.com/thesuperlab/useful-programs,thesuperlab,https://github.com/thesuperlab,2018-04-20 02:27:03,
217,R,9158,machine-learning-pipelines-r,https://github.com/um-dang/machine-learning-pipelines-r,um-dang,https://github.com/um-dang,2020-09-03 23:51:30,Machine Learning Pipelines in R: Predict colorectal cancer using microbiome data
218,Jupyter Notebook,1640,manifest-regex,https://github.com/um-dang/manifest-regex,um-dang,https://github.com/um-dang,2021-04-30 22:47:38,How to make a manifest with regular expressions in Python
219,Python,661,repro-packs,https://github.com/um-dang/repro-packs,um-dang,https://github.com/um-dang,2020-11-21 08:49:07,Organizing projects for reproducibility and headache prevention.
220,R,247,repro-packs,https://github.com/um-dang/repro-packs,um-dang,https://github.com/um-dang,2020-11-21 08:49:07,Organizing projects for reproducibility and headache prevention.
221,Rebol,44,repro-packs,https://github.com/um-dang/repro-packs,um-dang,https://github.com/um-dang,2020-11-21 08:49:07,Organizing projects for reproducibility and headache prevention.
222,R,12712,writing-functions-r,https://github.com/um-dang/writing-functions-r,um-dang,https://github.com/um-dang,2020-11-30 18:27:06,Introduction to writing functions in R
223,Python,96898,2018-02-26-umich-shapiro,https://github.com/UMCarpentries/2018-02-26-umich-shapiro,UMCarpentries,https://github.com/UMCarpentries,2019-08-27 14:08:29,
224,HTML,37091,2018-02-26-umich-shapiro,https://github.com/UMCarpentries/2018-02-26-umich-shapiro,UMCarpentries,https://github.com/UMCarpentries,2019-08-27 14:08:29,
225,CSS,8633,2018-02-26-umich-shapiro,https://github.com/UMCarpentries/2018-02-26-umich-shapiro,UMCarpentries,https://github.com/UMCarpentries,2019-08-27 14:08:29,
226,R,3468,2018-02-26-umich-shapiro,https://github.com/UMCarpentries/2018-02-26-umich-shapiro,UMCarpentries,https://github.com/UMCarpentries,2019-08-27 14:08:29,
227,Makefile,3262,2018-02-26-umich-shapiro,https://github.com/UMCarpentries/2018-02-26-umich-shapiro,UMCarpentries,https://github.com/UMCarpentries,2019-08-27 14:08:29,
228,JavaScript,1050,2018-02-26-umich-shapiro,https://github.com/UMCarpentries/2018-02-26-umich-shapiro,UMCarpentries,https://github.com/UMCarpentries,2019-08-27 14:08:29,
229,Ruby,237,2018-02-26-umich-shapiro,https://github.com/UMCarpentries/2018-02-26-umich-shapiro,UMCarpentries,https://github.com/UMCarpentries,2019-08-27 14:08:29,
230,Shell,220,2018-02-26-umich-shapiro,https://github.com/UMCarpentries/2018-02-26-umich-shapiro,UMCarpentries,https://github.com/UMCarpentries,2019-08-27 14:08:29,
231,Python,84786,2019-01-07-umich-wise,https://github.com/UMCarpentries/2019-01-07-umich-wise,UMCarpentries,https://github.com/UMCarpentries,2019-12-02 18:27:07,
232,HTML,39884,2019-01-07-umich-wise,https://github.com/UMCarpentries/2019-01-07-umich-wise,UMCarpentries,https://github.com/UMCarpentries,2019-12-02 18:27:07,
233,CSS,9194,2019-01-07-umich-wise,https://github.com/UMCarpentries/2019-01-07-umich-wise,UMCarpentries,https://github.com/UMCarpentries,2019-12-02 18:27:07,
234,R,4110,2019-01-07-umich-wise,https://github.com/UMCarpentries/2019-01-07-umich-wise,UMCarpentries,https://github.com/UMCarpentries,2019-12-02 18:27:07,
235,Makefile,3509,2019-01-07-umich-wise,https://github.com/UMCarpentries/2019-01-07-umich-wise,UMCarpentries,https://github.com/UMCarpentries,2019-12-02 18:27:07,
236,JavaScript,1050,2019-01-07-umich-wise,https://github.com/UMCarpentries/2019-01-07-umich-wise,UMCarpentries,https://github.com/UMCarpentries,2019-12-02 18:27:07,
237,Ruby,237,2019-01-07-umich-wise,https://github.com/UMCarpentries/2019-01-07-umich-wise,UMCarpentries,https://github.com/UMCarpentries,2019-12-02 18:27:07,
238,Shell,220,2019-01-07-umich-wise,https://github.com/UMCarpentries/2019-01-07-umich-wise,UMCarpentries,https://github.com/UMCarpentries,2019-12-02 18:27:07,
239,Python,87645,2019-09-05-umich,https://github.com/UMCarpentries/2019-09-05-umich,UMCarpentries,https://github.com/UMCarpentries,2019-09-04 16:32:28,https://umswc.github.io/2019-09-05-umich/
240,HTML,54448,2019-09-05-umich,https://github.com/UMCarpentries/2019-09-05-umich,UMCarpentries,https://github.com/UMCarpentries,2019-09-04 16:32:28,https://umswc.github.io/2019-09-05-umich/
241,CSS,10012,2019-09-05-umich,https://github.com/UMCarpentries/2019-09-05-umich,UMCarpentries,https://github.com/UMCarpentries,2019-09-04 16:32:28,https://umswc.github.io/2019-09-05-umich/
242,R,4084,2019-09-05-umich,https://github.com/UMCarpentries/2019-09-05-umich,UMCarpentries,https://github.com/UMCarpentries,2019-09-04 16:32:28,https://umswc.github.io/2019-09-05-umich/
243,Makefile,3465,2019-09-05-umich,https://github.com/UMCarpentries/2019-09-05-umich,UMCarpentries,https://github.com/UMCarpentries,2019-09-04 16:32:28,https://umswc.github.io/2019-09-05-umich/
244,JavaScript,2623,2019-09-05-umich,https://github.com/UMCarpentries/2019-09-05-umich,UMCarpentries,https://github.com/UMCarpentries,2019-09-04 16:32:28,https://umswc.github.io/2019-09-05-umich/
245,Shell,898,2019-09-05-umich,https://github.com/UMCarpentries/2019-09-05-umich,UMCarpentries,https://github.com/UMCarpentries,2019-09-04 16:32:28,https://umswc.github.io/2019-09-05-umich/
246,Ruby,237,2019-09-05-umich,https://github.com/UMCarpentries/2019-09-05-umich,UMCarpentries,https://github.com/UMCarpentries,2019-09-04 16:32:28,https://umswc.github.io/2019-09-05-umich/
247,Python,87867,2020-01-06-UMich-WISE,https://github.com/UMCarpentries/2020-01-06-UMich-WISE,UMCarpentries,https://github.com/UMCarpentries,2020-11-30 18:08:42,Software Carpentry workshop for WISE at U-M
248,HTML,80761,2020-01-06-UMich-WISE,https://github.com/UMCarpentries/2020-01-06-UMich-WISE,UMCarpentries,https://github.com/UMCarpentries,2020-11-30 18:08:42,Software Carpentry workshop for WISE at U-M
249,CSS,10012,2020-01-06-UMich-WISE,https://github.com/UMCarpentries/2020-01-06-UMich-WISE,UMCarpentries,https://github.com/UMCarpentries,2020-11-30 18:08:42,Software Carpentry workshop for WISE at U-M
250,R,4084,2020-01-06-UMich-WISE,https://github.com/UMCarpentries/2020-01-06-UMich-WISE,UMCarpentries,https://github.com/UMCarpentries,2020-11-30 18:08:42,Software Carpentry workshop for WISE at U-M
251,Makefile,3465,2020-01-06-UMich-WISE,https://github.com/UMCarpentries/2020-01-06-UMich-WISE,UMCarpentries,https://github.com/UMCarpentries,2020-11-30 18:08:42,Software Carpentry workshop for WISE at U-M
252,JavaScript,2623,2020-01-06-UMich-WISE,https://github.com/UMCarpentries/2020-01-06-UMich-WISE,UMCarpentries,https://github.com/UMCarpentries,2020-11-30 18:08:42,Software Carpentry workshop for WISE at U-M
253,Shell,898,2020-01-06-UMich-WISE,https://github.com/UMCarpentries/2020-01-06-UMich-WISE,UMCarpentries,https://github.com/UMCarpentries,2020-11-30 18:08:42,Software Carpentry workshop for WISE at U-M
254,Ruby,237,2020-01-06-UMich-WISE,https://github.com/UMCarpentries/2020-01-06-UMich-WISE,UMCarpentries,https://github.com/UMCarpentries,2020-11-30 18:08:42,Software Carpentry workshop for WISE at U-M
255,HTML,90627,2021-01-11-UMich-WISE-online,https://github.com/UMCarpentries/2021-01-11-UMich-WISE-online,UMCarpentries,https://github.com/UMCarpentries,2021-08-26 16:49:05,Software Carpentry Workshop for the U-M Women in Science & Engineering
256,Python,88032,2021-01-11-UMich-WISE-online,https://github.com/UMCarpentries/2021-01-11-UMich-WISE-online,UMCarpentries,https://github.com/UMCarpentries,2021-08-26 16:49:05,Software Carpentry Workshop for the U-M Women in Science & Engineering
257,SCSS,8735,2021-01-11-UMich-WISE-online,https://github.com/UMCarpentries/2021-01-11-UMich-WISE-online,UMCarpentries,https://github.com/UMCarpentries,2021-08-26 16:49:05,Software Carpentry Workshop for the U-M Women in Science & Engineering
258,Makefile,4564,2021-01-11-UMich-WISE-online,https://github.com/UMCarpentries/2021-01-11-UMich-WISE-online,UMCarpentries,https://github.com/UMCarpentries,2021-08-26 16:49:05,Software Carpentry Workshop for the U-M Women in Science & Engineering
259,R,4484,2021-01-11-UMich-WISE-online,https://github.com/UMCarpentries/2021-01-11-UMich-WISE-online,UMCarpentries,https://github.com/UMCarpentries,2021-08-26 16:49:05,Software Carpentry Workshop for the U-M Women in Science & Engineering
260,CSS,4369,2021-01-11-UMich-WISE-online,https://github.com/UMCarpentries/2021-01-11-UMich-WISE-online,UMCarpentries,https://github.com/UMCarpentries,2021-08-26 16:49:05,Software Carpentry Workshop for the U-M Women in Science & Engineering
261,JavaScript,1708,2021-01-11-UMich-WISE-online,https://github.com/UMCarpentries/2021-01-11-UMich-WISE-online,UMCarpentries,https://github.com/UMCarpentries,2021-08-26 16:49:05,Software Carpentry Workshop for the U-M Women in Science & Engineering
262,Shell,1021,2021-01-11-UMich-WISE-online,https://github.com/UMCarpentries/2021-01-11-UMich-WISE-online,UMCarpentries,https://github.com/UMCarpentries,2021-08-26 16:49:05,Software Carpentry Workshop for the U-M Women in Science & Engineering
263,Ruby,481,2021-01-11-UMich-WISE-online,https://github.com/UMCarpentries/2021-01-11-UMich-WISE-online,UMCarpentries,https://github.com/UMCarpentries,2021-08-26 16:49:05,Software Carpentry Workshop for the U-M Women in Science & Engineering
264,HTML,77614,intro-curriculum-r,https://github.com/UMCarpentries/intro-curriculum-r,UMCarpentries,https://github.com/UMCarpentries,2022-01-11 14:44:00,"Custom curriculum for teaching R, the Unix Shell, & Git with an integrated workflow and reproducible research practices."
265,Python,47360,intro-curriculum-r,https://github.com/UMCarpentries/intro-curriculum-r,UMCarpentries,https://github.com/UMCarpentries,2022-01-11 14:44:00,"Custom curriculum for teaching R, the Unix Shell, & Git with an integrated workflow and reproducible research practices."
266,R,11557,intro-curriculum-r,https://github.com/UMCarpentries/intro-curriculum-r,UMCarpentries,https://github.com/UMCarpentries,2022-01-11 14:44:00,"Custom curriculum for teaching R, the Unix Shell, & Git with an integrated workflow and reproducible research practices."
267,SCSS,10048,intro-curriculum-r,https://github.com/UMCarpentries/intro-curriculum-r,UMCarpentries,https://github.com/UMCarpentries,2022-01-11 14:44:00,"Custom curriculum for teaching R, the Unix Shell, & Git with an integrated workflow and reproducible research practices."
268,TeX,5628,intro-curriculum-r,https://github.com/UMCarpentries/intro-curriculum-r,UMCarpentries,https://github.com/UMCarpentries,2022-01-11 14:44:00,"Custom curriculum for teaching R, the Unix Shell, & Git with an integrated workflow and reproducible research practices."
269,Makefile,5303,intro-curriculum-r,https://github.com/UMCarpentries/intro-curriculum-r,UMCarpentries,https://github.com/UMCarpentries,2022-01-11 14:44:00,"Custom curriculum for teaching R, the Unix Shell, & Git with an integrated workflow and reproducible research practices."
270,CSS,4369,intro-curriculum-r,https://github.com/UMCarpentries/intro-curriculum-r,UMCarpentries,https://github.com/UMCarpentries,2022-01-11 14:44:00,"Custom curriculum for teaching R, the Unix Shell, & Git with an integrated workflow and reproducible research practices."
271,JavaScript,1708,intro-curriculum-r,https://github.com/UMCarpentries/intro-curriculum-r,UMCarpentries,https://github.com/UMCarpentries,2022-01-11 14:44:00,"Custom curriculum for teaching R, the Unix Shell, & Git with an integrated workflow and reproducible research practices."
272,Shell,918,intro-curriculum-r,https://github.com/UMCarpentries/intro-curriculum-r,UMCarpentries,https://github.com/UMCarpentries,2022-01-11 14:44:00,"Custom curriculum for teaching R, the Unix Shell, & Git with an integrated workflow and reproducible research practices."
273,Ruby,694,intro-curriculum-r,https://github.com/UMCarpentries/intro-curriculum-r,UMCarpentries,https://github.com/UMCarpentries,2022-01-11 14:44:00,"Custom curriculum for teaching R, the Unix Shell, & Git with an integrated workflow and reproducible research practices."
274,SCSS,17315,umcarpentries.github.io,https://github.com/UMCarpentries/umcarpentries.github.io,UMCarpentries,https://github.com/UMCarpentries,2022-01-10 14:12:19,U-M Carpentries website
275,HTML,12721,umcarpentries.github.io,https://github.com/UMCarpentries/umcarpentries.github.io,UMCarpentries,https://github.com/UMCarpentries,2022-01-10 14:12:19,U-M Carpentries website
276,Python,11350,umcarpentries.github.io,https://github.com/UMCarpentries/umcarpentries.github.io,UMCarpentries,https://github.com/UMCarpentries,2022-01-10 14:12:19,U-M Carpentries website
277,CSS,3822,umcarpentries.github.io,https://github.com/UMCarpentries/umcarpentries.github.io,UMCarpentries,https://github.com/UMCarpentries,2022-01-10 14:12:19,U-M Carpentries website
278,Ruby,49,umcarpentries.github.io,https://github.com/UMCarpentries/umcarpentries.github.io,UMCarpentries,https://github.com/UMCarpentries,2022-01-10 14:12:19,U-M Carpentries website
279,HTML,273,umswc.github.io,https://github.com/umswc/umswc.github.io,umswc,https://github.com/umswc,2021-11-24 16:02:40,We are now UMCarpentries!
